WilliamWinter79,Indian
alstadolsen,NULL
alibongo78,vaccineswork
fluidphenolics,vaccineswork
NiliMajumder,"tetanus, India, VaccinesWork"
WilliamWinter79,SB277TraderJoe
WilliamWinter79,SB277TraderJoe
WilliamWinter79,SB277TraderJoe
WilliamWinter79,SB277TraderJoe
williamse142,SB277TraderJoe
williamse142,SB277TraderJoe
williamse142,SB277TraderJoe
WilliamScottWQW,SB277TraderJoe
WilliamScottWQW,SB277TraderJoe
WilliamMorrisWW,SB277TraderJoe
WilliamMorrisWW,SB277TraderJoe
WilliamMorrisWW,SB277TraderJoe
WilliamMorrisWW,SB277TraderJoe
WilliamMorrisWW,SB277TraderJoe
WilliamMorrisWW,SB277TraderJoe
WilliamMorrisWW,SB277TraderJoe
VronicaVntas257,SB277TraderJoe
VronicaVntas257,SB277TraderJoe
VnssGry558,SB277TraderJoe
VnssGry558,SB277TraderJoe
VnssGry558,SB277TraderJoe
VnssGry558,SB277TraderJoe
TrevorJackson81,SB277TraderJoe
TrevorJackson81,SB277TraderJoe
TrevorJackson81,SB277TraderJoe
TrevorJackson81,SB277TraderJoe
TrevorJackson81,SB277TraderJoe
TrcyCook167,SB277TraderJoe
katja_flores,"SB277, HearUs"
tametime,SB277
FoodieAndFamily,NULL
Vax_,NULL
_bhickman,NULL
DraxUmbrae,NULL
Dr_Hungaro,NULL
VeritasDolor,"HearUs, SB277, vaxshill, vaxshills, vaccines, vaccineswork, CDCwhistleblower"
katja_flores,"HearUs, CDCwhistleblower"
DanielAndover,"fintech, finserv"
RotaryPetra,"endpolio, vaccineswork"
xo_anneramos,CriticalRole
Matt_Abernathy,CriticalRole
UncleOok,CriticalRole
Libertarian_97,"Canadian, Vaccines, Politics, cdnpoli, news, science, vax"
cogsci_k,"BigPharma, SB277, NoForcedVaccinations, NAIP"
vax_s,????????????????_????????_??????????_????_????????????
WilliamWinter79,Indian
WilliamWinter79,Indian
WilliamWinter79,Indian
WilliamWinter79,October
WilliamWinter79,October
WilliamWinter79,October
WilliamWinter79,October
